Cycle,Anodic_E(V),Anodic_I(A),Cathodic_1_E(V),Cathodic_1_I(A),Cathodic_2_E(V),Cathodic_2_I(A)
Cycle 1,0.2783203125,8.4014892578125e-06,,,0.04150390625,-9.08203125e-06
Cycle 2,0.27587890625,9.1888427734375e-06,,,0.0390625,-9.0118408203125e-06
Cycle 3,0.27099609375,9.3994140625e-06,,,0.0439453125,-9.027099609375e-06
