Cycle,Anodic_E(V),Anodic_I(A),Cathodic_1_E(V),Cathodic_1_I(A),Cathodic_2_E(V),Cathodic_2_I(A)
Cycle 1,0.25390625,2.82867431640625e-05,,,0.10986328125,-3.4637451171875e-05
Cycle 2,0.25146484375,3.0682373046875e-05,,,0.107421875,-3.4503173828125e-05
Cycle 3,0.244140625,3.0853271484375e-05,,,0.10986328125,-3.43017578125e-05
