Cycle,Anodic_E(V),Anodic_I(A),Cathodic_1_E(V),Cathodic_1_I(A),Cathodic_2_E(V),Cathodic_2_I(A)
Cycle 1,0.39794921875,1.8304443359375e-06,,,0.0,-2.29217529296875e-06
Cycle 2,0.2490234375,1.81488037109375e-06,,,0.0,-2.32177734375e-06
Cycle 3,0.26123046875,1.829833984375e-06,,,0.0,-2.29583740234375e-06
Cycle 4,0.2587890625,1.80694580078125e-06,,,0.0,-2.27294921875e-06
Cycle 5,0.2587890625,1.78802490234375e-06,,,0.0,-2.24822998046875e-06
