Cycle,Anodic_E(V),Anodic_I(A),Cathodic_1_E(V),Cathodic_1_I(A),Cathodic_2_E(V),Cathodic_2_I(A)
Cycle 1,0.341796875,9.6893310546875e-06,-0.33935546875,-6.927490234375e-07,0.068359375,-1.82037353515625e-07
Cycle 2,0.37109375,8.7066650390625e-06,-0.341796875,-6.38427734375e-07,0.06103515625,-1.63543701171875e-07
Cycle 3,0.39794921875,8.154296875e-06,-0.3515625,-5.1361083984375e-07,0.04638671875,-1.08612060546875e-07
Cycle 4,0.39794921875,7.31201171875e-06,-0.3662109375,-3.936767578125e-07,0.02685546875,-8.06884765625e-08
Cycle 5,0.39794921875,6.1065673828125e-06,-0.390625,-3.0548095703125e-07,0.0244140625,-7.3822021484375e-08
