Cycle,Anodic_E(V),Anodic_I(A),Cathodic_E(V),Cathodic_I(A)
Cycle 1,0.322265625,1.09954833984375e-05,-0.33447265625,-1.2445068359375e-06
Cycle 2,0.35888671875,1.03179931640625e-05,-0.33447265625,-1.36688232421875e-06
Cycle 3,0.3857421875,9.9029541015625e-06,-0.33935546875,-1.20330810546875e-06
Cycle 4,0.419921875,9.4512939453125e-06,-0.34912109375,-1.11663818359375e-06
Cycle 5,0.4931640625,8.9752197265625e-06,-0.35888671875,-9.783935546875e-07
