Cycle,Anodic_E(V),Anodic_I(A),Cathodic_1_E(V),Cathodic_1_I(A),Cathodic_2_E(V),Cathodic_2_I(A)
Cycle 1,0.39794921875,2.42706298828125e-05,-0.24169921875,-4.01153564453125e-06,0.11962890625,-1.6107177734375e-05
Cycle 2,0.39794921875,2.440185546875e-05,-0.244140625,-3.94439697265625e-06,0.11962890625,-1.630859375e-05
Cycle 3,0.39794921875,2.4176025390625e-05,-0.24169921875,-3.885498046875e-06,0.11962890625,-1.62261962890625e-05
