Cycle,Anodic_E(V),Anodic_I(A),Cathodic_1_E(V),Cathodic_1_I(A),Cathodic_2_E(V),Cathodic_2_I(A)
Cycle 1,0.2880859375,4.3603515625e-05,-0.322265625,-6.939697265625e-06,0.08056640625,-8.6700439453125e-06
Cycle 2,0.33447265625,4.17755126953125e-05,-0.32958984375,-6.243896484375e-06,0.07080078125,-6.5948486328125e-06
Cycle 3,0.35400390625,4.06829833984375e-05,-0.33447265625,-5.596923828125e-06,0.0634765625,-5.3680419921875e-06
Cycle 4,0.37353515625,3.98590087890625e-05,-0.341796875,-5.267333984375e-06,0.05859375,-4.44000244140625e-06
Cycle 5,0.3955078125,3.90167236328125e-05,-0.3515625,-4.8583984375e-06,0.05126953125,-3.58428955078125e-06
