Cycle,Anodic_E(V),Anodic_I(A),Cathodic_E(V),Cathodic_I(A)
Cycle 1,0.33935546875,1.86798095703125e-05,0.05126953125,-5.5023193359375e-06
Cycle 2,0.380859375,1.70166015625e-05,0.0439453125,-4.400634765625e-06
Cycle 3,0.39794921875,1.6986083984375e-05,0.04150390625,-3.9337158203125e-06
Cycle 4,0.41015625,1.68182373046875e-05,0.03662109375,-3.56201171875e-06
Cycle 5,0.4345703125,1.66473388671875e-05,0.0341796875,-3.118896484375e-06
