Cycle,Anodic_E(V),Anodic_I(A),Cathodic_1_E(V),Cathodic_1_I(A),Cathodic_2_E(V),Cathodic_2_I(A)
Cycle 1,0.322265625,1.09954833984375e-05,-0.33447265625,-1.2445068359375e-06,0.0732421875,-7.427978515625e-07
Cycle 2,0.35888671875,1.03179931640625e-05,-0.33447265625,-1.36688232421875e-06,0.06591796875,-6.427001953125e-07
Cycle 3,0.3857421875,9.9029541015625e-06,-0.33935546875,-1.20330810546875e-06,0.05859375,-4.8095703125e-07
Cycle 4,0.39794921875,9.423828125e-06,-0.34912109375,-1.11663818359375e-06,0.05126953125,-3.57513427734375e-07
Cycle 5,0.39794921875,8.70361328125e-06,-0.35888671875,-9.783935546875e-07,0.04150390625,-2.42767333984375e-07
