Cycle,Anodic_E(V),Anodic_I(A),Cathodic_1_E(V),Cathodic_1_I(A),Cathodic_2_E(V),Cathodic_2_I(A)
Cycle 1,0.25146484375,3.95477294921875e-05,-0.33203125,-2.5555419921875e-06,0.09521484375,-4.27001953125e-06
Cycle 2,0.2978515625,3.86016845703125e-05,-0.32958984375,-2.88482666015625e-06,0.09033203125,-4.27734375e-06
Cycle 3,0.31982421875,3.780517578125e-05,-0.33203125,-2.72857666015625e-06,0.0830078125,-3.59893798828125e-06
Cycle 4,0.341796875,3.7200927734375e-05,-0.3369140625,-2.57781982421875e-06,0.078125,-3.0255126953125e-06
Cycle 5,0.35888671875,3.66363525390625e-05,-0.341796875,-2.427978515625e-06,0.07080078125,-2.5347900390625e-06
