{
    "E_half_mean_SCE": 0.4438934326171875,
    "E_sce_to_rhe": 0.6227065673828125,
    "E_sce_to_nhe": 0.1861065673828125,
    "pH": 7.4
}