Cycle,Anodic_E_SCE(V),Anodic_I_SCE(A),Cathodic_E_SCE(V),Cathodic_I_SCE(A)
Cycle 1,0.570220947265625,1.4703369140625e-05,0.351226806640625,-4.9652099609375e-06
Cycle 2,0.5604248046875,1.36932373046875e-05,0.35125732421875,-5.1116943359375e-06
Cycle 3,0.55804443359375,1.3287353515625e-05,0.348724365234375,-5.169677734375e-06
Cycle 4,0.55548095703125,1.329345703125e-05,0.34649658203125,-5.37109375e-06
Cycle 5,0.55804443359375,1.28509521484375e-05,0.3487548828125,-5.377197265625e-06
Cycle 6,0.558013916015625,1.26708984375e-05,0.348785400390625,-5.352783203125e-06
Cycle 7,0.55560302734375,1.25274658203125e-05,0.3463134765625,-5.3375244140625e-06
Cycle 8,0.5555419921875,1.2359619140625e-05,0.346405029296875,-5.2734375e-06
