Cycle,Anodic_E_SCE(V),Anodic_I_SCE(A),Cathodic_E_SCE(V),Cathodic_I_SCE(A)
Cycle 1,0.512298583984375,2.8790283203125e-05,0.334808349609375,-1.387939453125e-05
Cycle 2,0.512237548828125,2.852783203125e-05,0.334808349609375,-1.41143798828125e-05
Cycle 3,0.51470947265625,2.84698486328125e-05,0.334747314453125,-1.4617919921875e-05
