Cycle,Anodic_E_SCE(V),Anodic_I_SCE(A),Cathodic_E_SCE(V),Cathodic_I_SCE(A)
Cycle 1,0.53240966796875,3.7860107421875e-05,0.317779541015625,-1.94915771484375e-05
Cycle 2,0.5347900390625,3.68316650390625e-05,0.320281982421875,-1.99310302734375e-05
Cycle 3,0.5372314453125,3.68743896484375e-05,0.3201904296875,-2.00531005859375e-05
