Cycle,Anodic_E_SCE(V),Anodic_I_SCE(A),Cathodic_E_SCE(V),Cathodic_I_SCE(A)
Cycle 1,0.56268310546875,1.69586181640625e-05,0.339019775390625,-8.935546875e-06
Cycle 2,0.562744140625,1.64642333984375e-05,0.3389892578125,-9.130859375e-06
Cycle 3,0.562713623046875,1.6424560546875e-05,0.3389892578125,-9.2254638671875e-06
