Cycle,Anodic_E_SCE(V),Anodic_I_SCE(A),Cathodic_E_SCE(V),Cathodic_I_SCE(A)
Cycle 1,0.5250244140625,3.7762451171875e-05,0.310455322265625,-2.02423095703125e-05
Cycle 2,0.5274658203125,3.6639404296875e-05,0.312896728515625,-2.04071044921875e-05
Cycle 3,0.532379150390625,3.6614990234375e-05,0.312957763671875,-2.04864501953125e-05
