Cycle,Anodic_E_SCE(V),Anodic_I_SCE(A),Cathodic_E_SCE(V),Cathodic_I_SCE(A)
Cycle 1,0.556732177734375,3.91265869140625e-05,0.34039306640625,-1.89697265625e-05
Cycle 2,0.55670166015625,3.8525390625e-05,0.3397216796875,-1.96197509765625e-05
Cycle 3,0.554351806640625,3.80767822265625e-05,0.342132568359375,-1.9976806640625e-05
