Cycle,Anodic_E_SCE(V),Anodic_I_SCE(A),Cathodic_E_SCE(V),Cathodic_I_SCE(A)
Cycle 1,0.55926513671875,3.81805419921875e-05,0.34710693359375,-1.73065185546875e-05
Cycle 2,0.5592041015625,3.77960205078125e-05,0.347137451171875,-1.78070068359375e-05
Cycle 3,0.559112548828125,3.77197265625e-05,0.34454345703125,-1.82281494140625e-05
