Cycle,Anodic_E_SCE(V),Anodic_I_SCE(A),Cathodic_E_SCE(V),Cathodic_I_SCE(A)
Cycle 1,0.55438232421875,3.80340576171875e-05,0.339752197265625,-2.0135498046875e-05
Cycle 2,0.5543212890625,3.7200927734375e-05,0.339813232421875,-2.0458984375e-05
Cycle 3,0.55438232421875,3.70147705078125e-05,0.339874267578125,-2.06268310546875e-05
