Cycle,Anodic_E_SCE(V),Anodic_I_SCE(A),Cathodic_E_SCE(V),Cathodic_I_SCE(A)
Cycle 1,0.60552978515625,0.0001154479980468,0.30780029296875,-6.378173828125e-05
Cycle 2,0.6005859375,0.000108642578125,0.307769775390625,-6.6314697265625e-05
Cycle 3,0.595672607421875,0.0001075744628906,0.307830810546875,-6.6802978515625e-05
