Cycle,Anodic_E_SCE(V),Anodic_I_SCE(A),Cathodic_E_SCE(V),Cathodic_I_SCE(A)
Cycle 1,0.4871826171875,1.87042236328125e-05,0.348724365234375,-9.185791015625e-06
Cycle 2,0.4920654296875,1.8402099609375e-05,0.35125732421875,-9.173583984375e-06
Cycle 3,0.489593505859375,1.85821533203125e-05,0.353759765625,-9.7930908203125e-06
