Cycle,Anodic_E_SCE(V),Anodic_I_SCE(A),Cathodic_E_SCE(V),Cathodic_I_SCE(A)
Cycle 1,0.55194091796875,4.46044921875e-05,0.305694580078125,-2.53936767578125e-05
Cycle 2,0.54705810546875,4.267578125e-05,0.3056640625,-2.59002685546875e-05
Cycle 3,0.546966552734375,4.25079345703125e-05,0.305694580078125,-2.607421875e-05
