Cycle,Anodic_E_SCE(V),Anodic_I_SCE(A),Cathodic_E_SCE(V),Cathodic_I_SCE(A)
Cycle 1,0.5810546875,0.0001150512695312,0.28338623046875,-6.732177734375e-05
Cycle 2,0.573699951171875,0.000106201171875,0.2833251953125,-7.0098876953125e-05
Cycle 3,0.573699951171875,0.0001044921875,0.28582763671875,-7.037353515625e-05
