Cycle,Anodic_E_SCE(V),Anodic_I_SCE(A),Cathodic_E_SCE(V),Cathodic_I_SCE(A)
Cycle 1,0.507415771484375,2.6568603515625e-05,0.381256103515625,-1.43829345703125e-05
Cycle 2,0.507415771484375,2.59063720703125e-05,0.378662109375,-1.4617919921875e-05
Cycle 3,0.507354736328125,2.59185791015625e-05,0.381256103515625,-1.47369384765625e-05
