Cycle,Anodic_E_SCE(V),Anodic_I_SCE(A),Cathodic_E_SCE(V),Cathodic_I_SCE(A)
Cycle 1,0.58837890625,0.000115234375,0.288299560546875,-6.6070556640625e-05
Cycle 2,0.57861328125,0.0001067199707031,0.2857666015625,-6.982421875e-05
Cycle 3,0.57623291015625,0.0001047668457031,0.285858154296875,-6.9610595703125e-05
