Cycle,Anodic_E_SCE(V),Anodic_I_SCE(A),Cathodic_E_SCE(V),Cathodic_I_SCE(A)
Cycle 1,0.5616455078125,5.023193359375e-05,0.295989990234375,-2.85430908203125e-05
Cycle 2,0.556732177734375,4.7607421875e-05,0.293609619140625,-2.9217529296875e-05
Cycle 3,0.556732177734375,4.74853515625e-05,0.2935791015625,-2.9376220703125e-05
