Cycle,Anodic_E_SCE(V),Anodic_I_SCE(A),Cathodic_E_SCE(V),Cathodic_I_SCE(A)
Cycle 1,0.561737060546875,3.80645751953125e-05,0.3446044921875,-1.77581787109375e-05
Cycle 2,0.561614990234375,3.75579833984375e-05,0.344635009765625,-1.82952880859375e-05
Cycle 3,0.559112548828125,3.748779296875e-05,0.34466552734375,-1.8634033203125e-05
