Cycle,Anodic_E_SCE(V),Anodic_I_SCE(A),Cathodic_E_SCE(V),Cathodic_I_SCE(A),Anodic_E_RHE(V),Anodic_I_RHE(A),Cathodic_E_RHE(V),Cathodic_I_RHE(A)
Cycle 1,0.650299072265625,2.64068603515625e-05,-0.301971435546875,-2.44781494140625e-07,1.2964685709635417,2.64068603515625e-05,0.34419806315104173,-2.44781494140625e-07
Cycle 2,0.650360107421875,2.41668701171875e-05,-0.30206298828125,-2.086181640625e-07,1.2965296061197917,2.41668701171875e-05,0.34410651041666673,-2.086181640625e-07
Cycle 3,0.64788818359375,2.39166259765625e-05,-0.306976318359375,-1.9525146484375e-07,1.2940576822916667,2.39166259765625e-05,0.33919318033854173,-1.9525146484375e-07
Cycle 4,0.650360107421875,2.19512939453125e-05,-0.3070068359375,-2.0184326171875e-07,1.2965296061197917,2.19512939453125e-05,0.33916266276041673,-2.0184326171875e-07
Cycle 5,0.650360107421875,2.22503662109375e-05,-0.306976318359375,-1.9744873046875e-07,1.2965296061197917,2.22503662109375e-05,0.33919318033854173,-1.9744873046875e-07
Cycle 6,0.65032958984375,2.2369384765625e-05,-0.2923583984375,-1.94854736328125e-07,1.2964990885416667,2.2369384765625e-05,0.35381110026041673,-1.94854736328125e-07
Cycle 7,0.650360107421875,2.2393798828125e-05,-0.306976318359375,-1.96807861328125e-07,1.2965296061197917,2.2393798828125e-05,0.33919318033854173,-1.96807861328125e-07
